EVENT,DATE
初七,2020-01-01
腊八,2020-01-02
初九,2020-01-03
初十,2020-01-04
十一,2020-01-05
小寒,2020-01-06
十三,2020-01-07
十四,2020-01-08
十五,2020-01-09
十六,2020-01-10
十七,2020-01-11
十八,2020-01-12
十九,2020-01-13
二十,2020-01-14
廿一,2020-01-15
廿二,2020-01-16
廿三,2020-01-17
廿四,2020-01-18
廿五,2020-01-19
大寒,2020-01-20
廿七,2020-01-21
廿八,2020-01-22
廿九,2020-01-23
除夕,2020-01-24
庚子[鼠]\\正月 春节,2020-01-25
初二,2020-01-26
初三,2020-01-27
初四,2020-01-28
初五,2020-01-29
初六,2020-01-30
初七,2020-01-31
初八,2020-02-01
初九,2020-02-02
初十,2020-02-03
立春,2020-02-04
十二,2020-02-05
十三,2020-02-06
十四,2020-02-07
元宵,2020-02-08
十六,2020-02-09
十七,2020-02-10
十八,2020-02-11
十九,2020-02-12
二十,2020-02-13
廿一,2020-02-14
廿二,2020-02-15
廿三,2020-02-16
廿四,2020-02-17
廿五,2020-02-18
雨水,2020-02-19
廿七,2020-02-20
廿八,2020-02-21
廿九,2020-02-22
庚子[鼠]\\二月,2020-02-23
初二,2020-02-24
初三,2020-02-25
初四,2020-02-26
初五,2020-02-27
初六,2020-02-28
初七,2020-02-29
初八,2020-03-01
初九,2020-03-02
初十,2020-03-03
十一,2020-03-04
惊蛰,2020-03-05
十三,2020-03-06
十四,2020-03-07
十五,2020-03-08
十六,2020-03-09
十七,2020-03-10
十八,2020-03-11
十九,2020-03-12
二十,2020-03-13
廿一,2020-03-14
廿二,2020-03-15
廿三,2020-03-16
廿四,2020-03-17
廿五,2020-03-18
廿六,2020-03-19
春分,2020-03-20
廿八,2020-03-21
廿九,2020-03-22
三十,2020-03-23
庚子[鼠]\\三月,2020-03-24
初二,2020-03-25
初三,2020-03-26
初四,2020-03-27
初五,2020-03-28
初六,2020-03-29
初七,2020-03-30
初八,2020-03-31
初九,2020-04-01
初十,2020-04-02
寒食,2020-04-03
清明,2020-04-04
十三,2020-04-05
十四,2020-04-06
十五,2020-04-07
十六,2020-04-08
十七,2020-04-09
十八,2020-04-10
十九,2020-04-11
二十,2020-04-12
廿一,2020-04-13
廿二,2020-04-14
廿三,2020-04-15
廿四,2020-04-16
廿五,2020-04-17
廿六,2020-04-18
谷雨,2020-04-19
廿八,2020-04-20
廿九,2020-04-21
三十,2020-04-22
庚子[鼠]\\四月,2020-04-23
初二,2020-04-24
初三,2020-04-25
初四,2020-04-26
初五,2020-04-27
初六,2020-04-28
初七,2020-04-29
初八,2020-04-30
初九,2020-05-01
初十,2020-05-02
十一,2020-05-03
十二,2020-05-04
立夏,2020-05-05
十四,2020-05-06
十五,2020-05-07
十六,2020-05-08
十七,2020-05-09
十八,2020-05-10
十九,2020-05-11
二十,2020-05-12
廿一,2020-05-13
廿二,2020-05-14
廿三,2020-05-15
廿四,2020-05-16
廿五,2020-05-17
廿六,2020-05-18
廿七,2020-05-19
小满,2020-05-20
廿九,2020-05-21
三十,2020-05-22
庚子[鼠]\\闰四月,2020-05-23
初二,2020-05-24
初三,2020-05-25
初四,2020-05-26
初五,2020-05-27
初六,2020-05-28
初七,2020-05-29
初八,2020-05-30
初九,2020-05-31
初十,2020-06-01
十一,2020-06-02
十二,2020-06-03
十三,2020-06-04
芒种,2020-06-05
十五,2020-06-06
十六,2020-06-07
十七,2020-06-08
十八,2020-06-09
十九,2020-06-10
二十,2020-06-11
廿一,2020-06-12
廿二,2020-06-13
廿三,2020-06-14
廿四,2020-06-15
廿五,2020-06-16
廿六,2020-06-17
廿七,2020-06-18
廿八,2020-06-19
廿九,2020-06-20
庚子[鼠]\\五月 夏至,2020-06-21
初二,2020-06-22
初三,2020-06-23
初四,2020-06-24
端午,2020-06-25
初六,2020-06-26
初七,2020-06-27
初八,2020-06-28
初九,2020-06-29
初十,2020-06-30
十一,2020-07-01
十二,2020-07-02
十三,2020-07-03
十四,2020-07-04
十五,2020-07-05
小暑,2020-07-06
十七,2020-07-07
十八,2020-07-08
十九,2020-07-09
二十,2020-07-10
廿一,2020-07-11
廿二,2020-07-12
廿三,2020-07-13
廿四,2020-07-14
廿五,2020-07-15
廿六,2020-07-16
廿七,2020-07-17
廿八,2020-07-18
廿九,2020-07-19
三十,2020-07-20
庚子[鼠]\\六月,2020-07-21
大暑,2020-07-22
初三,2020-07-23
初四,2020-07-24
初五,2020-07-25
初六,2020-07-26
初七,2020-07-27
初八,2020-07-28
初九,2020-07-29
初十,2020-07-30
十一,2020-07-31
十二,2020-08-01
十三,2020-08-02
十四,2020-08-03
十五,2020-08-04
十六,2020-08-05
十七,2020-08-06
立秋,2020-08-07
十九,2020-08-08
二十,2020-08-09
廿一,2020-08-10
廿二,2020-08-11
廿三,2020-08-12
廿四,2020-08-13
廿五,2020-08-14
廿六,2020-08-15
廿七,2020-08-16
廿八,2020-08-17
廿九,2020-08-18
庚子[鼠]\\七月,2020-08-19
初二,2020-08-20
初三,2020-08-21
处暑,2020-08-22
初五,2020-08-23
初六,2020-08-24
七夕,2020-08-25
初八,2020-08-26
初九,2020-08-27
初十,2020-08-28
十一,2020-08-29
十二,2020-08-30
十三,2020-08-31
十四,2020-09-01
中元,2020-09-02
十六,2020-09-03
十七,2020-09-04
十八,2020-09-05
十九,2020-09-06
白露,2020-09-07
廿一,2020-09-08
廿二,2020-09-09
廿三,2020-09-10
廿四,2020-09-11
廿五,2020-09-12
廿六,2020-09-13
廿七,2020-09-14
廿八,2020-09-15
廿九,2020-09-16
庚子[鼠]\\八月,2020-09-17
初二,2020-09-18
初三,2020-09-19
初四,2020-09-20
初五,2020-09-21
秋分,2020-09-22
初七,2020-09-23
初八,2020-09-24
初九,2020-09-25
初十,2020-09-26
十一,2020-09-27
十二,2020-09-28
十三,2020-09-29
十四,2020-09-30
中秋,2020-10-01
十六,2020-10-02
十七,2020-10-03
十八,2020-10-04
十九,2020-10-05
二十,2020-10-06
廿一,2020-10-07
寒露,2020-10-08
廿三,2020-10-09
廿四,2020-10-10
廿五,2020-10-11
廿六,2020-10-12
廿七,2020-10-13
廿八,2020-10-14
廿九,2020-10-15
三十,2020-10-16
庚子[鼠]\\九月,2020-10-17
初二,2020-10-18
初三,2020-10-19
初四,2020-10-20
初五,2020-10-21
初六,2020-10-22
霜降,2020-10-23
初八,2020-10-24
重阳,2020-10-25
初十,2020-10-26
十一,2020-10-27
十二,2020-10-28
十三,2020-10-29
十四,2020-10-30
十五,2020-10-31
十六,2020-11-01
十七,2020-11-02
十八,2020-11-03
十九,2020-11-04
二十,2020-11-05
廿一,2020-11-06
立冬,2020-11-07
廿三,2020-11-08
廿四,2020-11-09
廿五,2020-11-10
廿六,2020-11-11
廿七,2020-11-12
廿八,2020-11-13
廿九,2020-11-14
庚子[鼠]\\十月,2020-11-15
初二,2020-11-16
初三,2020-11-17
初四,2020-11-18
初五,2020-11-19
初六,2020-11-20
初七,2020-11-21
小雪,2020-11-22
初九,2020-11-23
初十,2020-11-24
十一,2020-11-25
十二,2020-11-26
十三,2020-11-27
十四,2020-11-28
下元,2020-11-29
十六,2020-11-30
十七,2020-12-01
十八,2020-12-02
十九,2020-12-03
二十,2020-12-04
廿一,2020-12-05
廿二,2020-12-06
大雪,2020-12-07
廿四,2020-12-08
廿五,2020-12-09
廿六,2020-12-10
廿七,2020-12-11
廿八,2020-12-12
廿九,2020-12-13
三十,2020-12-14
庚子[鼠]\\十一月,2020-12-15
初二,2020-12-16
初三,2020-12-17
初四,2020-12-18
初五,2020-12-19
初六,2020-12-20
冬至,2020-12-21
初八,2020-12-22
初九,2020-12-23
初十,2020-12-24
十一,2020-12-25
十二,2020-12-26
十三,2020-12-27
十四,2020-12-28
十五,2020-12-29
十六,2020-12-30
十七,2020-12-31
十八,2021-01-01
